[{"inputs":[{"internalType":"contract IERC20","name":"_token","type":"address"},{"internalType":"uint256","name":"_startTime","type":"uint256"},{"internalType":"uint256","name":"_endTime","type":"uint256"}],"stateMutability":"nonpayable","type":"constructor"},{"anonymous":false,"inputs":[{"indexed":true,"internalType":"address","name":"previousOwner","type":"address"},{"indexed":true,"internalType":"address","name":"newOwner","type":"address"}],"name":"OwnershipTransferred","type":"event"},{"anonymous":false,"inputs":[{"indexed":false,"internalType":"address","name":"_from","type":"address"},{"indexed":false,"internalType":"address","name":"_to","type":"address"},{"indexed":false,"internalType":"uint256","name":"_amount","type":"uint256"}],"name":"Presale","type":"event"},{"anonymous":false,"inputs":[{"indexed":false,"internalType":"uint256","name":"weiAmount","type":"uint256"}],"name":"PresaleFinalized","type":"event"},{"anonymous":false,"inputs":[{"indexed":true,"internalType":"address","name":"beneficiary","type":"address"},{"indexed":false,"internalType":"uint256","name":"weiAmount","type":"uint256"}],"name":"Refund","type":"event"},{"anonymous":false,"inputs":[{"indexed":true,"internalType":"address","name":"beneficiary","type":"address"},{"indexed":false,"internalType":"uint256","name":"tokenAmount","type":"uint256"}],"name":"TokenClaim","type":"event"},{"anonymous":false,"inputs":[{"indexed":true,"internalType":"address","name":"beneficiary","type":"address"},{"indexed":false,"internalType":"uint256","name":"weiAmount","type":"uint256"}],"name":"TokenPurchase","type":"event"},{"anonymous":false,"inputs":[{"indexed":false,"internalType":"address","name":"addr","type":"address"},{"indexed":false,"internalType":"uint256","name":"usdt","type":"uint256"}],"name":"WithdrawAll","type":"event"},{"inputs":[],"name":"PERMIT_TYPEHASH","outputs":[{"internalType":"bytes32","name":"","type":"bytes32"}],"stateMutability":"view","type":"function"},{"inputs":[],"name":"Total_USDT_Deposit_Amount","outputs":[{"internalType":"uint256","name":"","type":"uint256"}],"stateMutability":"view","type":"function"},{"inputs":[],"name":"_usdtAddress","outputs":[{"internalType":"contract IERC20","name":"","type":"address"}],"stateMutability":"view","type":"function"},{"inputs":[{"internalType":"address","name":"","type":"address"}],"name":"_userPaidUSDT","outputs":[{"internalType":"uint256","name":"","type":"uint256"}],"stateMutability":"view","type":"function"},{"inputs":[{"internalType":"address","name":"beneficiary","type":"address"},{"internalType":"address","name":"_referral","type":"address"},{"internalType":"uint256","name":"_amount","type":"uint256"}],"name":"buyTokensByUSDTwithReferral","outputs":[],"stateMutability":"nonpayable","type":"function"},{"inputs":[{"internalType":"address","name":"beneficiary","type":"address"},{"internalType":"uint256","name":"_amount","type":"uint256"}],"name":"buyTokensByUSDTwithoutReferral","outputs":[],"stateMutability":"nonpayable","type":"function"},{"inputs":[{"internalType":"address","name":"_referral","type":"address"}],"name":"buyTokensWithReferral","outputs":[],"stateMutability":"payable","type":"function"},{"inputs":[],"name":"buyTokensWithoutReferral","outputs":[],"stateMutability":"payable","type":"function"},{"inputs":[{"internalType":"uint32","name":"_referral","type":"uint32"},{"internalType":"uint32","name":"_referralUser","type":"uint32"}],"name":"changeReferralFees","outputs":[],"stateMutability":"nonpayable","type":"function"},{"inputs":[{"internalType":"uint256","name":"_tokensPerETH","type":"uint256"}],"name":"changeTokensPerETH","outputs":[],"stateMutability":"nonpayable","type":"function"},{"inputs":[],"name":"claimTokens","outputs":[],"stateMutability":"nonpayable","type":"function"},{"inputs":[{"internalType":"address","name":"","type":"address"}],"name":"claimableTokens","outputs":[{"internalType":"uint256","name":"","type":"uint256"}],"stateMutability":"view","type":"function"},{"inputs":[{"internalType":"address","name":"","type":"address"}],"name":"claimedTokens","outputs":[{"internalType":"uint256","name":"","type":"uint256"}],"stateMutability":"view","type":"function"},{"inputs":[{"internalType":"address","name":"","type":"address"}],"name":"contributions","outputs":[{"internalType":"uint256","name":"contribution","type":"uint256"},{"internalType":"uint256","name":"referralBonus","type":"uint256"}],"stateMutability":"view","type":"function"},{"inputs":[],"name":"endPresale","outputs":[],"stateMutability":"nonpayable","type":"function"},{"inputs":[],"name":"endTime","outputs":[{"internalType":"uint256","name":"","type":"uint256"}],"stateMutability":"view","type":"function"},{"inputs":[],"name":"feeForReferral","outputs":[{"internalType":"uint32","name":"","type":"uint32"}],"stateMutability":"view","type":"function"},{"inputs":[],"name":"feeForReferralUser","outputs":[{"internalType":"uint32","name":"","type":"uint32"}],"stateMutability":"view","type":"function"},{"inputs":[],"name":"finalized","outputs":[{"internalType":"bool","name":"","type":"bool"}],"stateMutability":"view","type":"function"},{"inputs":[],"name":"getDepositAmount","outputs":[{"internalType":"uint256","name":"","type":"uint256"}],"stateMutability":"view","type":"function"},{"inputs":[],"name":"hasEnded","outputs":[{"internalType":"bool","name":"","type":"bool"}],"stateMutability":"view","type":"function"},{"inputs":[],"name":"isOpen","outputs":[{"internalType":"bool","name":"","type":"bool"}],"stateMutability":"view","type":"function"},{"inputs":[],"name":"owner","outputs":[{"internalType":"address","name":"","type":"address"}],"stateMutability":"view","type":"function"},{"inputs":[{"internalType":"address","name":"","type":"address"}],"name":"refunds","outputs":[{"internalType":"uint256","name":"","type":"uint256"}],"stateMutability":"view","type":"function"},{"inputs":[],"name":"renounceOwnership","outputs":[],"stateMutability":"nonpayable","type":"function"},{"inputs":[{"internalType":"address","name":"tokenAddress","type":"address"},{"internalType":"address","name":"spender","type":"address"},{"internalType":"uint256","name":"amount","type":"uint256"}],"name":"saftApprove","outputs":[],"stateMutability":"nonpayable","type":"function"},{"inputs":[{"internalType":"uint256","name":"_endTime","type":"uint256"}],"name":"setEndTime","outputs":[],"stateMutability":"nonpayable","type":"function"},{"inputs":[{"internalType":"uint256","name":"_startTime","type":"uint256"}],"name":"setStartTime","outputs":[],"stateMutability":"nonpayable","type":"function"},{"inputs":[{"internalType":"bool","name":"_finalized","type":"bool"}],"name":"setStatus","outputs":[],"stateMutability":"nonpayable","type":"function"},{"inputs":[{"internalType":"contract IERC20","name":"_tokenAddress","type":"address"}],"name":"setTokenAddress","outputs":[],"stateMutability":"nonpayable","type":"function"},{"inputs":[],"name":"startTime","outputs":[{"internalType":"uint256","name":"","type":"uint256"}],"stateMutability":"view","type":"function"},{"inputs":[],"name":"token","outputs":[{"internalType":"contract IERC20","name":"","type":"address"}],"stateMutability":"view","type":"function"},{"inputs":[],"name":"tokensPerETH","outputs":[{"internalType":"uint256","name":"","type":"uint256"}],"stateMutability":"view","type":"function"},{"inputs":[],"name":"tokensPerUSDT","outputs":[{"internalType":"uint256","name":"","type":"uint256"}],"stateMutability":"view","type":"function"},{"inputs":[],"name":"totalDepositedETHBalance","outputs":[{"internalType":"uint256","name":"","type":"uint256"}],"stateMutability":"view","type":"function"},{"inputs":[{"internalType":"address","name":"newOwner","type":"address"}],"name":"transferOwnership","outputs":[],"stateMutability":"nonpayable","type":"function"},{"inputs":[],"name":"weiRaised","outputs":[{"internalType":"uint256","name":"","type":"uint256"}],"stateMutability":"view","type":"function"},{"inputs":[],"name":"withdrawTokens","outputs":[],"stateMutability":"nonpayable","type":"function"},{"inputs":[],"name":"withdrawUsdt","outputs":[],"stateMutability":"nonpayable","type":"function"}]